diretory_path,train,train_mse,train_rmse,train_mae,train_mapd,train_r2_squared,validation,val_mse,val_rmse,val_mae,val_mapd,val_r2_squared,test,test_mse,test_rmse,test_mae,test_mapd,test_r2_squared,time complexity,training time,validation time,test time,hyper-parameters,batch_size,lr_val,num_epochs,init_weights,num_hidden_layers,nodes_per_layer,activation,other parameters,feature_processing,label_type,input_feature_size,output_size,input_path,output_path,device
F:\Codes\joint attention\Nano-particle\FFNN_hyper_param_tuning\hyper_tuning_2024_03_21_03_39_28\2024_03_21_03_39_3311407,train,0.29405394,0.54226738,0.49684078,2.56142503,0.99490988,val,0.31805938,0.56396753,0.51519483,2.71804803,0.99427683,test,0.31575179,0.56191796,0.51406235,2.54373649,0.99478865,time complexity,277.400591135025,0.0699999332427978,0.0599982738494873,hyper-parameters,512,0.1,300,x_n,4,"[256, 128, 64, 16]",relu,other-parameters,normalized_35,r_avg_raw,35,1,F:\Codes\joint attention\Nano-particle\output_new_new,F:\Codes\joint attention\Nano-particle\FFNN_hyper_param_tuning\hyper_tuning_2024_03_21_03_39_28,cpu
F:\Codes\joint attention\Nano-particle\FFNN_hyper_param_tuning\hyper_tuning_2024_03_21_03_39_28\2024_03_21_03_39_3312605,train,58.60942841,7.6556797,6.02725697,30.99947362,-0.01453917,val,55.76893616,7.46786022,5.92523623,31.44745723,-0.00350855,test,63.52311707,7.97013903,6.27910757,30.45895895,-0.04842271,time complexity,1284.683589220047,0.2689990997314453,0.2729995250701904,hyper-parameters,64,0.5,300,x_n,4,"[256, 128, 64, 16]",relu,other-parameters,normalized_35,r_avg_raw,35,1,F:\Codes\joint attention\Nano-particle\output_new_new,F:\Codes\joint attention\Nano-particle\FFNN_hyper_param_tuning\hyper_tuning_2024_03_21_03_39_28,cpu
F:\Codes\joint attention\Nano-particle\FFNN_hyper_param_tuning\hyper_tuning_2024_03_21_03_39_28\2024_03_21_03_39_3317183,train,273.9703064,16.55204773,14.70376682,67.34858003,-3.74247266,val,258.03457642,16.06345558,14.22886562,66.68587374,-3.64308529,test,300.84411621,17.34485817,15.50015736,68.50102989,-3.96530757,time complexity,514.3675889968872,0.1060013771057128,0.094999074935913,hyper-parameters,512,0.5,300,x_n,4,"[256, 128, 64, 16]",relu,other-parameters,normalized_35,r_avg_raw,35,1,F:\Codes\joint attention\Nano-particle\output_new_new,F:\Codes\joint attention\Nano-particle\FFNN_hyper_param_tuning\hyper_tuning_2024_03_21_03_39_28,cpu
F:\Codes\joint attention\Nano-particle\FFNN_hyper_param_tuning\hyper_tuning_2024_03_21_03_39_28\2024_03_21_03_39_3319695,train,57.99192047,7.61524248,6.34991217,34.80855693,-0.00385,val,56.46982574,7.51464081,6.30213451,35.56282503,-0.01612047,test,60.69470596,7.79068089,6.47200727,33.57148161,-0.00174097,time complexity,17622.548590660095,0.5460004806518555,0.551999568939209,hyper-parameters,2,0.1,300,x_n,4,"[256, 128, 64, 16]",relu,other-parameters,normalized_35,r_avg_raw,35,1,F:\Codes\joint attention\Nano-particle\output_new_new,F:\Codes\joint attention\Nano-particle\FFNN_hyper_param_tuning\hyper_tuning_2024_03_21_03_39_28,cpu
F:\Codes\joint attention\Nano-particle\FFNN_hyper_param_tuning\hyper_tuning_2024_03_21_03_39_28\2024_03_21_03_39_3330362,train,0.05491334,0.23433596,0.1753557,0.92545887,0.99904944,val,0.06617941,0.25725359,0.18474822,1.03004917,0.99880916,test,0.05772918,0.24026898,0.18459496,0.92463563,0.9990472,time complexity,5289.615590333939,0.9739999771118164,0.8900003433227539,hyper-parameters,16,0.05,300,x_n,4,"[256, 128, 64, 16]",relu,other-parameters,normalized_35,r_avg_raw,35,1,F:\Codes\joint attention\Nano-particle\output_new_new,F:\Codes\joint attention\Nano-particle\FFNN_hyper_param_tuning\hyper_tuning_2024_03_21_03_39_28,cpu
F:\Codes\joint attention\Nano-particle\FFNN_hyper_param_tuning\hyper_tuning_2024_03_21_03_39_28\2024_03_21_03_39_3331753,train,57.77032852,7.6006794,6.21087456,33.32403563,-1.422e-05,val,55.77308655,7.46813822,6.139884,33.95053636,-0.00358324,test,61.26992035,7.82751036,6.37893534,32.33435592,-0.01123469,time complexity,5236.772589921951,1.332000970840454,1.2170002460479736,hyper-parameters,16,0.1,300,x_n,4,"[256, 128, 64, 16]",relu,other-parameters,normalized_35,r_avg_raw,35,1,F:\Codes\joint attention\Nano-particle\output_new_new,F:\Codes\joint attention\Nano-particle\FFNN_hyper_param_tuning\hyper_tuning_2024_03_21_03_39_28,cpu
F:\Codes\joint attention\Nano-particle\FFNN_hyper_param_tuning\hyper_tuning_2024_03_21_03_39_28\2024_03_21_03_39_3339756,train,0.08163344,0.28571567,0.20788722,1.0961619,0.99858691,val,0.08107971,0.28474501,0.20873585,1.15128659,0.99854105,test,0.08263703,0.28746656,0.21181422,1.07077658,0.99863611,time complexity,2638.884590148926,0.4749984741210937,0.3889999389648437,hyper-parameters,32,0.1,300,x_n,4,"[256, 128, 64, 16]",relu,other-parameters,normalized_35,r_avg_raw,35,1,F:\Codes\joint attention\Nano-particle\output_new_new,F:\Codes\joint attention\Nano-particle\FFNN_hyper_param_tuning\hyper_tuning_2024_03_21_03_39_28,cpu
F:\Codes\joint attention\Nano-particle\FFNN_hyper_param_tuning\hyper_tuning_2024_03_21_03_39_28\2024_03_21_03_39_3340400,train,57.77215195,7.60079956,6.20489311,33.25821533,-4.57e-05,val,55.75331879,7.46681452,6.13295269,33.87941356,-0.00322759,test,61.30793381,7.82993841,6.37531567,32.28109535,-0.01186208,time complexity,739.5505890846252,0.2700002193450928,0.2629992961883545,hyper-parameters,128,0.05,300,x_n,4,"[256, 128, 64, 16]",relu,other-parameters,normalized_35,r_avg_raw,35,1,F:\Codes\joint attention\Nano-particle\output_new_new,F:\Codes\joint attention\Nano-particle\FFNN_hyper_param_tuning\hyper_tuning_2024_03_21_03_39_28,cpu
F:\Codes\joint attention\Nano-particle\FFNN_hyper_param_tuning\hyper_tuning_2024_03_21_03_39_28\2024_03_21_03_39_3349428,train,64.5398941,8.03367233,7.06957388,41.71935873,-0.11719656,val,65.04125214,8.06481552,7.1384263,43.10242292,-0.17035511,test,63.84943771,7.99058437,6.98829937,39.39891641,-0.05380855,time complexity,5535.088589429855,0.170999526977539,0.1710004806518554,hyper-parameters,1,0.5,300,x_n,4,"[256, 128, 64, 16]",relu,other-parameters,normalized_35,r_avg_raw,35,1,F:\Codes\joint attention\Nano-particle\output_new_new,F:\Codes\joint attention\Nano-particle\FFNN_hyper_param_tuning\hyper_tuning_2024_03_21_03_39_28,cpu
F:\Codes\joint attention\Nano-particle\FFNN_hyper_param_tuning\hyper_tuning_2024_03_21_03_39_28\2024_03_21_03_39_335400,train,77.66844177,8.81297016,6.38204575,27.53390892,-0.34445386,val,71.46150208,8.45349026,6.03941631,26.68058898,-0.28588135,test,88.22749329,9.3929491,6.9230299,28.55035342,-0.4561582,time complexity,425.410588979721,0.1890020370483398,0.1119997501373291,hyper-parameters,256,0.5,300,x_n,4,"[256, 128, 64, 16]",relu,other-parameters,normalized_35,r_avg_raw,35,1,F:\Codes\joint attention\Nano-particle\output_new_new,F:\Codes\joint attention\Nano-particle\FFNN_hyper_param_tuning\hyper_tuning_2024_03_21_03_39_28,cpu
F:\Codes\joint attention\Nano-particle\FFNN_hyper_param_tuning\hyper_tuning_2024_03_21_03_39_28\2024_03_21_03_39_3355301,train,57.94110489,7.61190557,6.33335352,34.63538531,-0.00297035,val,56.36452484,7.5076313,6.28240395,35.37256461,-0.01422565,test,60.73526001,7.79328299,6.4605341,33.42578339,-0.00241029,time complexity,5655.222589969635,0.1710000038146972,0.1759994029998779,hyper-parameters,1,0.05,300,x_n,4,"[256, 128, 64, 16]",relu,other-parameters,normalized_35,r_avg_raw,35,1,F:\Codes\joint attention\Nano-particle\output_new_new,F:\Codes\joint attention\Nano-particle\FFNN_hyper_param_tuning\hyper_tuning_2024_03_21_03_39_28,cpu
F:\Codes\joint attention\Nano-particle\FFNN_hyper_param_tuning\hyper_tuning_2024_03_21_03_39_28\2024_03_21_03_39_3357864,train,57.99863052,7.61568308,6.35195875,34.82992092,-0.00396625,val,56.48325348,7.51553392,6.30457258,35.58629839,-0.01636209,test,60.69016647,7.79038954,6.4734211,33.58942981,-0.00166603,time complexity,5201.612590074539,0.7090017795562744,0.7149989604949951,hyper-parameters,16,0.5,300,x_n,4,"[256, 128, 64, 16]",relu,other-parameters,normalized_35,r_avg_raw,35,1,F:\Codes\joint attention\Nano-particle\output_new_new,F:\Codes\joint attention\Nano-particle\FFNN_hyper_param_tuning\hyper_tuning_2024_03_21_03_39_28,cpu
F:\Codes\joint attention\Nano-particle\FFNN_hyper_param_tuning\hyper_tuning_2024_03_21_03_39_28\2024_03_21_03_39_3358713,train,59.85499191,7.73660088,6.65078211,37.83869145,-0.03610015,val,59.25660324,7.69783115,6.65559435,38.87673553,-0.0662658,test,61.00877762,7.81081152,6.69096088,36.15564325,-0.00692462,time complexity,13616.31958937645,1.3149995803833008,1.316999912261963,hyper-parameters,4,0.5,300,x_n,4,"[256, 128, 64, 16]",relu,other-parameters,normalized_35,r_avg_raw,35,1,F:\Codes\joint attention\Nano-particle\output_new_new,F:\Codes\joint attention\Nano-particle\FFNN_hyper_param_tuning\hyper_tuning_2024_03_21_03_39_28,cpu
F:\Codes\joint attention\Nano-particle\FFNN_hyper_param_tuning\hyper_tuning_2024_03_21_03_39_28\2024_03_21_03_39_3358729,train,57.77002716,7.60065985,6.2245307,33.47351441,-8.95e-06,val,55.82159042,7.471385,6.15555763,34.11137761,-0.00445605,test,61.18776321,7.82226086,6.38753557,32.45681284,-0.00987872,time complexity,14267.906589508057,1.481001377105713,1.1430001258850098,hyper-parameters,8,0.1,300,x_n,4,"[256, 128, 64, 16]",relu,other-parameters,normalized_35,r_avg_raw,35,1,F:\Codes\joint attention\Nano-particle\output_new_new,F:\Codes\joint attention\Nano-particle\FFNN_hyper_param_tuning\hyper_tuning_2024_03_21_03_39_28,cpu
F:\Codes\joint attention\Nano-particle\FFNN_hyper_param_tuning\hyper_tuning_2024_03_21_03_39_28\2024_03_21_03_39_3361627,train,57.76953888,7.60062742,6.21701527,33.39145184,-5.1e-07,val,55.7943573,7.46956205,6.14696884,34.0232411,-0.003966,test,61.23212814,7.82509613,6.38276815,32.3894445,-0.01061095,time complexity,717.0305905342102,0.1470000743865966,0.1570000648498535,hyper-parameters,128,0.5,300,x_n,4,"[256, 128, 64, 16]",relu,other-parameters,normalized_35,r_avg_raw,35,1,F:\Codes\joint attention\Nano-particle\output_new_new,F:\Codes\joint attention\Nano-particle\FFNN_hyper_param_tuning\hyper_tuning_2024_03_21_03_39_28,cpu
F:\Codes\joint attention\Nano-particle\FFNN_hyper_param_tuning\hyper_tuning_2024_03_21_03_39_28\2024_03_21_03_39_3363298,train,57.7966423,7.60241032,6.2631731,33.8909312,-0.00046969,val,55.98307037,7.48218346,6.19992352,34.56089955,-0.00736174,test,60.9882164,7.80949545,6.41245174,32.80074822,-0.00658536,time complexity,8680.776590585709,0.7779989242553711,0.7529997825622559,hyper-parameters,8,0.5,300,x_n,4,"[256, 128, 64, 16]",relu,other-parameters,normalized_35,r_avg_raw,35,1,F:\Codes\joint attention\Nano-particle\output_new_new,F:\Codes\joint attention\Nano-particle\FFNN_hyper_param_tuning\hyper_tuning_2024_03_21_03_39_28,cpu
F:\Codes\joint attention\Nano-particle\FFNN_hyper_param_tuning\hyper_tuning_2024_03_21_03_39_28\2024_03_21_03_39_3369763,train,0.08332999,0.28866935,0.24018279,1.20340179,0.99855754,val,0.09099586,0.3016552,0.24592707,1.26551007,0.99836262,test,0.09850176,0.3138499,0.26152849,1.25910721,0.99837427,time complexity,1327.4195883274078,0.2269997596740722,0.1810004711151123,hyper-parameters,64,0.05,300,x_n,4,"[256, 128, 64, 16]",relu,other-parameters,normalized_35,r_avg_raw,35,1,F:\Codes\joint attention\Nano-particle\output_new_new,F:\Codes\joint attention\Nano-particle\FFNN_hyper_param_tuning\hyper_tuning_2024_03_21_03_39_28,cpu
F:\Codes\joint attention\Nano-particle\FFNN_hyper_param_tuning\hyper_tuning_2024_03_21_03_39_28\2024_03_21_03_39_3372663,train,0.08153381,0.28554127,0.22444376,1.2566393,0.99858864,val,0.09863108,0.31405586,0.24594437,1.43326181,0.99822523,test,0.08631501,0.29379416,0.23455536,1.26488422,0.99857541,time complexity,8770.999590873718,1.6430001258850098,1.0780000686645508,hyper-parameters,8,0.05,300,x_n,4,"[256, 128, 64, 16]",relu,other-parameters,normalized_35,r_avg_raw,35,1,F:\Codes\joint attention\Nano-particle\output_new_new,F:\Codes\joint attention\Nano-particle\FFNN_hyper_param_tuning\hyper_tuning_2024_03_21_03_39_28,cpu
F:\Codes\joint attention\Nano-particle\FFNN_hyper_param_tuning\hyper_tuning_2024_03_21_03_39_28\2024_03_21_03_39_3376816,train,62.25066376,7.88990879,6.88501358,40.05326986,-0.07756958,val,62.29124832,7.89248037,6.92757893,41.29422683,-0.12087144,test,62.332901,7.89511871,6.85836411,38.01647775,-0.02877871,time complexity,19175.203588962555,0.150001049041748,0.1520004272460937,hyper-parameters,2,0.5,300,x_n,4,"[256, 128, 64, 16]",relu,other-parameters,normalized_35,r_avg_raw,35,1,F:\Codes\joint attention\Nano-particle\output_new_new,F:\Codes\joint attention\Nano-particle\FFNN_hyper_param_tuning\hyper_tuning_2024_03_21_03_39_28,cpu
F:\Codes\joint attention\Nano-particle\FFNN_hyper_param_tuning\hyper_tuning_2024_03_21_03_39_28\2024_03_21_03_39_3378287,train,57.77094269,7.60071993,6.22860432,33.51786187,-2.488e-05,val,55.83692932,7.47241116,6.1601882,34.15889034,-0.00473207,test,61.164505,7.82077408,6.39019203,32.49354908,-0.00949485,time complexity,1297.081589460373,0.192997932434082,0.1890010833740234,hyper-parameters,64,0.1,300,x_n,4,"[256, 128, 64, 16]",relu,other-parameters,normalized_35,r_avg_raw,35,1,F:\Codes\joint attention\Nano-particle\output_new_new,F:\Codes\joint attention\Nano-particle\FFNN_hyper_param_tuning\hyper_tuning_2024_03_21_03_39_28,cpu
F:\Codes\joint attention\Nano-particle\FFNN_hyper_param_tuning\hyper_tuning_2024_03_21_03_39_28\2024_03_21_03_39_3381299,train,57.81086731,7.60334587,6.27387953,34.00543673,-0.00071587,val,56.03399277,7.48558569,6.21241093,34.68521565,-0.00827799,test,60.94090271,7.80646563,6.41959953,32.89610791,-0.00580438,time complexity,19200.476590394974,0.0679984092712402,0.0810010433197021,hyper-parameters,2,0.05,300,x_n,4,"[256, 128, 64, 16]",relu,other-parameters,normalized_35,r_avg_raw,35,1,F:\Codes\joint attention\Nano-particle\output_new_new,F:\Codes\joint attention\Nano-particle\FFNN_hyper_param_tuning\hyper_tuning_2024_03_21_03_39_28,cpu
F:\Codes\joint attention\Nano-particle\FFNN_hyper_param_tuning\hyper_tuning_2024_03_21_03_39_28\2024_03_21_03_39_3381597,train,57.90237045,7.60936069,6.12849092,32.38065747,-0.00229984,val,55.58613586,7.45561123,6.04718971,32.94702595,-0.00021932,test,61.93688583,7.86999893,6.32928038,31.56598756,-0.02224266,time complexity,5145.111589193344,0.7069995403289795,0.7309999465942383,hyper-parameters,32,0.5,300,x_n,4,"[256, 128, 64, 16]",relu,other-parameters,normalized_35,r_avg_raw,35,1,F:\Codes\joint attention\Nano-particle\output_new_new,F:\Codes\joint attention\Nano-particle\FFNN_hyper_param_tuning\hyper_tuning_2024_03_21_03_39_28,cpu
F:\Codes\joint attention\Nano-particle\FFNN_hyper_param_tuning\hyper_tuning_2024_03_21_03_39_28\2024_03_21_03_39_338240,train,0.35169774,0.59304112,0.43829247,2.45256886,0.99391205,val,0.30750975,0.55453563,0.39766961,2.30269379,0.99446666,test,0.33712268,0.58062267,0.42749441,2.34505872,0.99443593,time complexity,13665.258592128754,1.3430001735687256,1.320000171661377,hyper-parameters,4,0.05,300,x_n,4,"[256, 128, 64, 16]",relu,other-parameters,normalized_35,r_avg_raw,35,1,F:\Codes\joint attention\Nano-particle\output_new_new,F:\Codes\joint attention\Nano-particle\FFNN_hyper_param_tuning\hyper_tuning_2024_03_21_03_39_28,cpu
F:\Codes\joint attention\Nano-particle\FFNN_hyper_param_tuning\hyper_tuning_2024_03_21_03_39_28\2024_03_21_03_39_3383444,train,57.79929352,7.60258484,6.26534271,33.91419077,-0.0005156,val,55.99318695,7.48285961,6.20243883,34.58607585,-0.00754383,test,60.97835541,7.80886412,6.4139061,32.82015257,-0.00642244,time complexity,13616.877590417862,1.5570003986358645,1.9620018005371092,hyper-parameters,4,0.1,300,x_n,4,"[256, 128, 64, 16]",relu,other-parameters,normalized_35,r_avg_raw,35,1,F:\Codes\joint attention\Nano-particle\output_new_new,F:\Codes\joint attention\Nano-particle\FFNN_hyper_param_tuning\hyper_tuning_2024_03_21_03_39_28,cpu
F:\Codes\joint attention\Nano-particle\FFNN_hyper_param_tuning\hyper_tuning_2024_03_21_03_39_28\2024_03_21_03_39_3390216,train,0.07639668,0.27639949,0.22115639,1.11645463,0.99867756,val,0.0823774,0.28701463,0.22426307,1.17214039,0.9985177,test,0.09360689,0.30595243,0.24079624,1.143001,0.99845506,time complexity,5182.795588493347,0.6979997158050537,0.7519996166229248,hyper-parameters,32,0.05,300,x_n,4,"[256, 128, 64, 16]",relu,other-parameters,normalized_35,r_avg_raw,35,1,F:\Codes\joint attention\Nano-particle\output_new_new,F:\Codes\joint attention\Nano-particle\FFNN_hyper_param_tuning\hyper_tuning_2024_03_21_03_39_28,cpu
F:\Codes\joint attention\Nano-particle\FFNN_hyper_param_tuning\hyper_tuning_2024_03_21_03_39_28\2024_03_21_03_39_3391426,train,0.10503559,0.32409194,0.23277493,1.11216724,0.99818182,val,0.12716164,0.3565973,0.24504967,1.21616623,0.99771185,test,0.11106424,0.33326301,0.244361,1.11764766,0.99816693,time complexity,437.5435872077942,0.0909984111785888,0.0780003070831298,hyper-parameters,256,0.1,300,x_n,4,"[256, 128, 64, 16]",relu,other-parameters,normalized_35,r_avg_raw,35,1,F:\Codes\joint attention\Nano-particle\output_new_new,F:\Codes\joint attention\Nano-particle\FFNN_hyper_param_tuning\hyper_tuning_2024_03_21_03_39_28,cpu
F:\Codes\joint attention\Nano-particle\FFNN_hyper_param_tuning\hyper_tuning_2024_03_21_03_39_28\2024_03_21_03_39_3396121,train,58.52241898,7.64999485,6.46847486,36.02422953,-0.01303306,val,57.37654114,7.5747304,6.44117451,36.88974316,-0.03243598,test,60.59430695,7.78423452,6.55485916,34.59457023,-8.395e-05,time complexity,5614.764590501785,0.1560003757476806,0.1539993286132812,hyper-parameters,1,0.1,300,x_n,4,"[256, 128, 64, 16]",relu,other-parameters,normalized_35,r_avg_raw,35,1,F:\Codes\joint attention\Nano-particle\output_new_new,F:\Codes\joint attention\Nano-particle\FFNN_hyper_param_tuning\hyper_tuning_2024_03_21_03_39_28,cpu
F:\Codes\joint attention\Nano-particle\FFNN_hyper_param_tuning\hyper_tuning_2024_03_21_03_39_28\2024_03_21_03_39_3398781,train,57.77137375,7.60074806,6.20703983,33.2818696,-3.231e-05,val,55.76031113,7.46728277,6.13544655,33.90499961,-0.00335339,test,61.29413986,7.82905722,6.37660027,32.30017146,-0.01163442,time complexity,1333.239589691162,0.3109996318817138,0.3069989681243896,hyper-parameters,128,0.1,300,x_n,4,"[256, 128, 64, 16]",relu,other-parameters,normalized_35,r_avg_raw,35,1,F:\Codes\joint attention\Nano-particle\output_new_new,F:\Codes\joint attention\Nano-particle\FFNN_hyper_param_tuning\hyper_tuning_2024_03_21_03_39_28,cpu
F:\Codes\joint attention\Nano-particle\FFNN_hyper_param_tuning\hyper_tuning_2024_03_21_03_39_28\2024_03_21_03_44_2677488,train,0.02278205,0.15093723,0.10569306,0.5438201,0.99960564,val,0.02805319,0.16749085,0.11298991,0.61904483,0.99949521,test,0.03319929,0.18220672,0.11662143,0.60390997,0.99945206,time complexity,464.8069999217987,0.1029999256134033,0.094999074935913,hyper-parameters,256,0.05,300,x_n,4,"[256, 128, 64, 16]",relu,other-parameters,normalized_35,r_avg_raw,35,1,F:\Codes\joint attention\Nano-particle\output_new_new,F:\Codes\joint attention\Nano-particle\FFNN_hyper_param_tuning\hyper_tuning_2024_03_21_03_39_28,cpu
F:\Codes\joint attention\Nano-particle\FFNN_hyper_param_tuning\hyper_tuning_2024_03_21_03_39_28\2024_03_21_03_46_5947355,train,58.0700264,7.62036896,6.37226582,35.04093294,-0.00520207,val,56.62068176,7.52467155,6.32855844,35.81723749,-0.01883497,test,60.65082169,7.78786373,6.48732615,33.76601231,-0.00101667,time complexity,529.5270018577576,0.1079998016357421,0.0999979972839355,hyper-parameters,512,0.05,300,x_n,4,"[256, 128, 64, 16]",relu,other-parameters,normalized_35,r_avg_raw,35,1,F:\Codes\joint attention\Nano-particle\output_new_new,F:\Codes\joint attention\Nano-particle\FFNN_hyper_param_tuning\hyper_tuning_2024_03_21_03_39_28,cpu
F:\Codes\joint attention\Nano-particle\FFNN_hyper_param_tuning\hyper_tuning_2024_03_21_03_39_28\2024_03_21_03_47_0456547,train,0.07467721,0.27327129,0.22028853,1.15840693,0.99870732,val,0.0876951,0.29613358,0.23084983,1.25589135,0.99842201,test,0.09702537,0.31148896,0.24003001,1.25948292,0.99839864,time complexity,5723.49199795723,0.1390013694763183,0.1329991817474365,hyper-parameters,1,0.01,300,x_n,4,"[256, 128, 64, 16]",relu,other-parameters,normalized_35,r_avg_raw,35,1,F:\Codes\joint attention\Nano-particle\output_new_new,F:\Codes\joint attention\Nano-particle\FFNN_hyper_param_tuning\hyper_tuning_2024_03_21_03_39_28,cpu
F:\Codes\joint attention\Nano-particle\FFNN_hyper_param_tuning\hyper_tuning_2024_03_21_03_39_28\2024_03_21_03_48_246019,train,0.20581318,0.45366639,0.39115727,1.84080517,0.99643734,val,0.20491241,0.45267251,0.38861543,1.88409272,0.9963128,test,0.23556507,0.48535046,0.418937,1.90417644,0.9961121,time complexity,17208.98799920082,0.499000072479248,0.4800009727478027,hyper-parameters,2,0.01,300,x_n,4,"[256, 128, 64, 16]",relu,other-parameters,normalized_35,r_avg_raw,35,1,F:\Codes\joint attention\Nano-particle\output_new_new,F:\Codes\joint attention\Nano-particle\FFNN_hyper_param_tuning\hyper_tuning_2024_03_21_03_39_28,cpu
F:\Codes\joint attention\Nano-particle\FFNN_hyper_param_tuning\hyper_tuning_2024_03_21_03_39_28\2024_03_21_03_51_4626973,train,0.01670245,0.12923795,0.09666874,0.50911814,0.99971088,val,0.02185432,0.14783207,0.10645597,0.56758672,0.99960675,test,0.02239924,0.14966376,0.10883801,0.5482491,0.99963031,time complexity,13334.942999362946,1.3289999961853027,1.3670001029968262,hyper-parameters,4,0.01,300,x_n,4,"[256, 128, 64, 16]",relu,other-parameters,normalized_35,r_avg_raw,35,1,F:\Codes\joint attention\Nano-particle\output_new_new,F:\Codes\joint attention\Nano-particle\FFNN_hyper_param_tuning\hyper_tuning_2024_03_21_03_39_28,cpu
F:\Codes\joint attention\Nano-particle\FFNN_hyper_param_tuning\hyper_tuning_2024_03_21_03_39_28\2024_03_21_03_52_1027184,train,0.0362163,0.19030581,0.15064818,0.7293299,0.99937309,val,0.04113413,0.2028155,0.15668814,0.78650007,0.99925983,test,0.04281972,0.20692925,0.16126652,0.75388782,0.99929328,time complexity,8497.20400094986,0.86199951171875,0.8429999351501465,hyper-parameters,8,0.01,300,x_n,4,"[256, 128, 64, 16]",relu,other-parameters,normalized_35,r_avg_raw,35,1,F:\Codes\joint attention\Nano-particle\output_new_new,F:\Codes\joint attention\Nano-particle\FFNN_hyper_param_tuning\hyper_tuning_2024_03_21_03_39_28,cpu
F:\Codes\joint attention\Nano-particle\FFNN_hyper_param_tuning\hyper_tuning_2024_03_21_03_39_28\2024_03_21_03_52_2589123,train,0.01757455,0.13256903,0.09936383,0.48406712,0.99969578,val,0.02009571,0.14175934,0.10524178,0.53559298,0.9996384,test,0.02120478,0.1456186,0.11008175,0.52558803,0.99965002,time complexity,5233.855999469757,0.4490001201629638,0.4530017375946045,hyper-parameters,16,0.01,300,x_n,4,"[256, 128, 64, 16]",relu,other-parameters,normalized_35,r_avg_raw,35,1,F:\Codes\joint attention\Nano-particle\output_new_new,F:\Codes\joint attention\Nano-particle\FFNN_hyper_param_tuning\hyper_tuning_2024_03_21_03_39_28,cpu
F:\Codes\joint attention\Nano-particle\FFNN_hyper_param_tuning\hyper_tuning_2024_03_21_03_39_28\2024_03_21_03_56_066418,train,0.03766005,0.19406199,0.15368171,0.7227083,0.9993481,val,0.04100696,0.20250174,0.16138147,0.81025119,0.99926212,test,0.04619518,0.21493064,0.17128713,0.78895498,0.99923757,time complexity,5075.621999263763,0.6249997615814209,0.4700014591217041,hyper-parameters,32,0.01,300,x_n,4,"[256, 128, 64, 16]",relu,other-parameters,normalized_35,r_avg_raw,35,1,F:\Codes\joint attention\Nano-particle\output_new_new,F:\Codes\joint attention\Nano-particle\FFNN_hyper_param_tuning\hyper_tuning_2024_03_21_03_39_28,cpu
F:\Codes\joint attention\Nano-particle\FFNN_hyper_param_tuning\hyper_tuning_2024_03_21_03_39_28\2024_03_21_04_01_1791038,train,0.01775243,0.13323824,0.10573707,0.55338134,0.9996927,val,0.02281185,0.1510359,0.11445532,0.6385866,0.99958952,test,0.02350598,0.15331662,0.11792777,0.6052186,0.99961204,time complexity,2665.057001113892,0.3900003433227539,0.4040000438690185,hyper-parameters,64,0.01,300,x_n,4,"[256, 128, 64, 16]",relu,other-parameters,normalized_35,r_avg_raw,35,1,F:\Codes\joint attention\Nano-particle\output_new_new,F:\Codes\joint attention\Nano-particle\FFNN_hyper_param_tuning\hyper_tuning_2024_03_21_03_39_28,cpu
F:\Codes\joint attention\Nano-particle\FFNN_hyper_param_tuning\hyper_tuning_2024_03_21_03_39_28\2024_03_21_04_01_2969162,train,0.0372803,0.19308105,0.16633588,0.91081683,0.99935467,val,0.04047194,0.2011764,0.16946086,0.95508679,0.99927175,test,0.04463028,0.2112588,0.17084441,0.90966684,0.9992634,time complexity,824.5299997329712,0.1469979286193847,0.135998249053955,hyper-parameters,128,0.01,300,x_n,4,"[256, 128, 64, 16]",relu,other-parameters,normalized_35,r_avg_raw,35,1,F:\Codes\joint attention\Nano-particle\output_new_new,F:\Codes\joint attention\Nano-particle\FFNN_hyper_param_tuning\hyper_tuning_2024_03_21_03_39_28,cpu
F:\Codes\joint attention\Nano-particle\FFNN_hyper_param_tuning\hyper_tuning_2024_03_21_03_39_28\2024_03_21_04_02_0294416,train,0.03182433,0.17839375,0.12923081,0.67891394,0.99944912,val,0.03940822,0.19851504,0.13695753,0.74008824,0.99929089,test,0.04204151,0.20504026,0.14069246,0.70313823,0.99930612,time complexity,499.39900040626526,0.1409997940063476,0.1730003356933593,hyper-parameters,256,0.01,300,x_n,4,"[256, 128, 64, 16]",relu,other-parameters,normalized_35,r_avg_raw,35,1,F:\Codes\joint attention\Nano-particle\output_new_new,F:\Codes\joint attention\Nano-particle\FFNN_hyper_param_tuning\hyper_tuning_2024_03_21_03_39_28,cpu
F:\Codes\joint attention\Nano-particle\FFNN_hyper_param_tuning\hyper_tuning_2024_03_21_03_39_28\2024_03_21_04_02_0360185,train,0.04759764,0.21816884,0.17302397,0.90752409,0.99917608,val,0.04857909,0.22040665,0.16967595,0.91801523,0.99912587,test,0.05381511,0.23198085,0.1757251,0.90504042,0.9991118,time complexity,337.5230014324188,0.0700008869171142,0.068998098373413,hyper-parameters,512,0.01,300,x_n,4,"[256, 128, 64, 16]",relu,other-parameters,normalized_35,r_avg_raw,35,1,F:\Codes\joint attention\Nano-particle\output_new_new,F:\Codes\joint attention\Nano-particle\FFNN_hyper_param_tuning\hyper_tuning_2024_03_21_03_39_28,cpu
F:\Codes\joint attention\Nano-particle\FFNN_hyper_param_tuning\hyper_tuning_2024_03_21_03_39_28\2024_03_21_04_07_5922922,train,0.10432357,0.32299158,0.23196495,1.02326608,0.99819414,val,0.10254945,0.32023343,0.22714908,1.04576709,0.99815472,test,0.12089226,0.34769565,0.25399387,1.07429181,0.99800472,time complexity,5474.1599996089935,0.1450004577636718,0.1519997119903564,hyper-parameters,1,0.005,300,x_n,4,"[256, 128, 64, 16]",relu,other-parameters,normalized_35,r_avg_raw,35,1,F:\Codes\joint attention\Nano-particle\output_new_new,F:\Codes\joint attention\Nano-particle\FFNN_hyper_param_tuning\hyper_tuning_2024_03_21_03_39_28,cpu
F:\Codes\joint attention\Nano-particle\FFNN_hyper_param_tuning\hyper_tuning_2024_03_21_03_39_28\2024_03_21_04_10_3910170,train,0.01607577,0.12679026,0.09716953,0.50478869,0.99972173,val,0.01822246,0.1349906,0.101541,0.55684954,0.9996721,test,0.02232725,0.14942305,0.10457209,0.53606621,0.9996315,time complexity,15981.667999982834,0.3980007171630859,0.3969991207122803,hyper-parameters,2,0.005,300,x_n,4,"[256, 128, 64, 16]",relu,other-parameters,normalized_35,r_avg_raw,35,1,F:\Codes\joint attention\Nano-particle\output_new_new,F:\Codes\joint attention\Nano-particle\FFNN_hyper_param_tuning\hyper_tuning_2024_03_21_03_39_28,cpu
F:\Codes\joint attention\Nano-particle\FFNN_hyper_param_tuning\hyper_tuning_2024_03_21_03_39_28\2024_03_21_04_15_3815811,train,0.0262841,0.16212371,0.13060014,0.64483427,0.99954502,val,0.02991922,0.17297174,0.13734826,0.69616932,0.99946163,test,0.02952754,0.17183578,0.13790235,0.66863682,0.99951266,time complexity,12461.356999874117,0.9360015392303468,0.959998369216919,hyper-parameters,4,0.005,300,x_n,4,"[256, 128, 64, 16]",relu,other-parameters,normalized_35,r_avg_raw,35,1,F:\Codes\joint attention\Nano-particle\output_new_new,F:\Codes\joint attention\Nano-particle\FFNN_hyper_param_tuning\hyper_tuning_2024_03_21_03_39_28,cpu
F:\Codes\joint attention\Nano-particle\FFNN_hyper_param_tuning\hyper_tuning_2024_03_21_03_39_28\2024_03_21_04_23_5361910,train,0.03868803,0.19669273,0.16373029,0.77747208,0.9993303,val,0.03925324,0.1981243,0.16306762,0.79901284,0.99929368,test,0.04369073,0.20902327,0.171865,0.79986223,0.9992789,time complexity,7749.315998792648,0.7449991703033447,1.045999526977539,hyper-parameters,8,0.005,300,x_n,4,"[256, 128, 64, 16]",relu,other-parameters,normalized_35,r_avg_raw,35,1,F:\Codes\joint attention\Nano-particle\output_new_new,F:\Codes\joint attention\Nano-particle\FFNN_hyper_param_tuning\hyper_tuning_2024_03_21_03_39_28,cpu
F:\Codes\joint attention\Nano-particle\FFNN_hyper_param_tuning\hyper_tuning_2024_03_21_03_39_28\2024_03_21_04_46_0949879,train,0.01503277,0.12260818,0.09110747,0.44581897,0.99973978,val,0.01939803,0.13927682,0.10067079,0.51533306,0.99965095,test,0.01871381,0.13679843,0.1018391,0.49968683,0.99969114,time complexity,4019.972001552582,0.364999771118164,0.3670005798339844,hyper-parameters,16,0.005,300,x_n,4,"[256, 128, 64, 16]",relu,other-parameters,normalized_35,r_avg_raw,35,1,F:\Codes\joint attention\Nano-particle\output_new_new,F:\Codes\joint attention\Nano-particle\FFNN_hyper_param_tuning\hyper_tuning_2024_03_21_03_39_28,cpu
F:\Codes\joint attention\Nano-particle\FFNN_hyper_param_tuning\hyper_tuning_2024_03_21_03_39_28\2024_03_21_05_05_4049745,train,0.03512421,0.18741454,0.16420132,0.83035361,0.99939199,val,0.03887533,0.19716828,0.17007755,0.90393853,0.99930048,test,0.03919502,0.19797733,0.17009014,0.84130471,0.9993531,time complexity,2086.176999807358,0.2380003929138183,0.1969993114471435,hyper-parameters,32,0.005,300,x_n,4,"[256, 128, 64, 16]",relu,other-parameters,normalized_35,r_avg_raw,35,1,F:\Codes\joint attention\Nano-particle\output_new_new,F:\Codes\joint attention\Nano-particle\FFNN_hyper_param_tuning\hyper_tuning_2024_03_21_03_39_28,cpu
F:\Codes\joint attention\Nano-particle\FFNN_hyper_param_tuning\hyper_tuning_2024_03_21_03_39_28\2024_03_21_05_06_2718480,train,0.04360987,0.20882978,0.18696941,1.000922,0.99924511,val,0.05147024,0.22687054,0.19671078,1.07446533,0.99907384,test,0.04655742,0.21577168,0.19096321,0.99488266,0.99923159,time complexity,2015.4689993858335,0.2120020389556884,0.2179999351501464,hyper-parameters,64,0.005,300,x_n,4,"[256, 128, 64, 16]",relu,other-parameters,normalized_35,r_avg_raw,35,1,F:\Codes\joint attention\Nano-particle\output_new_new,F:\Codes\joint attention\Nano-particle\FFNN_hyper_param_tuning\hyper_tuning_2024_03_21_03_39_28,cpu
F:\Codes\joint attention\Nano-particle\FFNN_hyper_param_tuning\hyper_tuning_2024_03_21_03_39_28\2024_03_21_05_06_363770,train,0.01506022,0.12272007,0.09415615,0.49163375,0.99973931,val,0.01864091,0.13653171,0.09999685,0.53526693,0.99966457,test,0.02029041,0.14244442,0.10159735,0.51916395,0.99966512,time complexity,759.0170001983643,0.1320002079010009,0.0940020084381103,hyper-parameters,128,0.005,300,x_n,4,"[256, 128, 64, 16]",relu,other-parameters,normalized_35,r_avg_raw,35,1,F:\Codes\joint attention\Nano-particle\output_new_new,F:\Codes\joint attention\Nano-particle\FFNN_hyper_param_tuning\hyper_tuning_2024_03_21_03_39_28,cpu
F:\Codes\joint attention\Nano-particle\FFNN_hyper_param_tuning\hyper_tuning_2024_03_21_03_39_28\2024_03_21_05_07_1783348,train,0.02698844,0.16428159,0.121399,0.64339091,0.99953283,val,0.03301782,0.18170807,0.12428691,0.69345767,0.99940588,test,0.03567571,0.18888015,0.12677562,0.67210406,0.99941119,time complexity,493.2480010986328,0.1040000915527343,0.0969994068145752,hyper-parameters,256,0.005,300,x_n,4,"[256, 128, 64, 16]",relu,other-parameters,normalized_35,r_avg_raw,35,1,F:\Codes\joint attention\Nano-particle\output_new_new,F:\Codes\joint attention\Nano-particle\FFNN_hyper_param_tuning\hyper_tuning_2024_03_21_03_39_28,cpu
F:\Codes\joint attention\Nano-particle\FFNN_hyper_param_tuning\hyper_tuning_2024_03_21_03_39_28\2024_03_21_05_08_2325887,train,0.02987581,0.17284618,0.13047382,0.73128494,0.99948284,val,0.03551571,0.18845612,0.13531674,0.78298126,0.99936093,test,0.03943614,0.19858533,0.13903108,0.76336121,0.99934912,time complexity,559.3800020217896,0.103001594543457,0.0889997482299804,hyper-parameters,512,0.005,300,x_n,4,"[256, 128, 64, 16]",relu,other-parameters,normalized_35,r_avg_raw,35,1,F:\Codes\joint attention\Nano-particle\output_new_new,F:\Codes\joint attention\Nano-particle\FFNN_hyper_param_tuning\hyper_tuning_2024_03_21_03_39_28,cpu
F:\Codes\joint attention\Nano-particle\FFNN_hyper_param_tuning\hyper_tuning_2024_03_21_03_39_28\2024_03_21_05_12_0893085,train,0.03223112,0.17953028,0.13878633,0.62314363,0.99944207,val,0.03234322,0.1798422,0.13752739,0.6414614,0.99941801,test,0.03714789,0.19273789,0.15065686,0.66768287,0.99938689,time complexity,4506.549001455307,0.1370017528533935,0.1349983215332031,hyper-parameters,1,0.001,300,x_n,4,"[256, 128, 64, 16]",relu,other-parameters,normalized_35,r_avg_raw,35,1,F:\Codes\joint attention\Nano-particle\output_new_new,F:\Codes\joint attention\Nano-particle\FFNN_hyper_param_tuning\hyper_tuning_2024_03_21_03_39_28,cpu
F:\Codes\joint attention\Nano-particle\FFNN_hyper_param_tuning\hyper_tuning_2024_03_21_03_39_28\2024_03_21_05_13_2735680,train,0.01055486,0.10273687,0.07816896,0.41745713,0.99981729,val,0.01614717,0.12707151,0.08843033,0.49466154,0.99970945,test,0.01473117,0.12137201,0.09019826,0.46167266,0.99975687,time complexity,12526.422999620438,0.312000036239624,0.312999963760376,hyper-parameters,2,0.001,300,x_n,4,"[256, 128, 64, 16]",relu,other-parameters,normalized_35,r_avg_raw,35,1,F:\Codes\joint attention\Nano-particle\output_new_new,F:\Codes\joint attention\Nano-particle\FFNN_hyper_param_tuning\hyper_tuning_2024_03_21_03_39_28,cpu
F:\Codes\joint attention\Nano-particle\FFNN_hyper_param_tuning\hyper_tuning_2024_03_21_03_39_28\2024_03_21_05_14_1111436,train,0.00838045,0.09154481,0.06754434,0.35568592,0.99985493,val,0.01223429,0.11060872,0.07679695,0.41897136,0.99977986,test,0.01116228,0.10565168,0.07235523,0.37751002,0.99981577,time complexity,9894.524998664856,0.6029996871948242,0.5919992923736572,hyper-parameters,4,0.001,300,x_n,4,"[256, 128, 64, 16]",relu,other-parameters,normalized_35,r_avg_raw,35,1,F:\Codes\joint attention\Nano-particle\output_new_new,F:\Codes\joint attention\Nano-particle\FFNN_hyper_param_tuning\hyper_tuning_2024_03_21_03_39_28,cpu
F:\Codes\joint attention\Nano-particle\FFNN_hyper_param_tuning\hyper_tuning_2024_03_21_03_39_28\2024_03_21_05_15_4812331,train,0.02087096,0.14446786,0.11879186,0.58564035,0.99963872,val,0.02390152,0.15460117,0.12244847,0.62808816,0.99956991,test,0.02469911,0.15715951,0.12565839,0.60979019,0.99959235,time complexity,10041.70799946785,0.5550012588500977,0.5430004596710205,hyper-parameters,8,0.001,300,x_n,4,"[256, 128, 64, 16]",relu,other-parameters,normalized_35,r_avg_raw,35,1,F:\Codes\joint attention\Nano-particle\output_new_new,F:\Codes\joint attention\Nano-particle\FFNN_hyper_param_tuning\hyper_tuning_2024_03_21_03_39_28,cpu
F:\Codes\joint attention\Nano-particle\FFNN_hyper_param_tuning\hyper_tuning_2024_03_21_03_39_28\2024_03_21_05_17_5997903,train,0.00689201,0.08301816,0.0625094,0.33526115,0.9998807,val,0.01096711,0.10472399,0.07519419,0.42223436,0.99980266,test,0.0097736,0.09886154,0.06744729,0.35896165,0.99983869,time complexity,3287.0349991321564,0.429999828338623,0.44100022315979,hyper-parameters,16,0.001,300,x_n,4,"[256, 128, 64, 16]",relu,other-parameters,normalized_35,r_avg_raw,35,1,F:\Codes\joint attention\Nano-particle\output_new_new,F:\Codes\joint attention\Nano-particle\FFNN_hyper_param_tuning\hyper_tuning_2024_03_21_03_39_28,cpu
F:\Codes\joint attention\Nano-particle\FFNN_hyper_param_tuning\hyper_tuning_2024_03_21_03_39_28\2024_03_21_05_19_3653507,train,0.00981001,0.0990455,0.07661267,0.38134704,0.99983019,val,0.01539194,0.12406427,0.09096739,0.47634489,0.99972304,test,0.0134148,0.11582229,0.08504308,0.41386437,0.99977859,time complexity,1704.7860000133514,0.2899999618530273,0.2919998168945312,hyper-parameters,32,0.001,300,x_n,4,"[256, 128, 64, 16]",relu,other-parameters,normalized_35,r_avg_raw,35,1,F:\Codes\joint attention\Nano-particle\output_new_new,F:\Codes\joint attention\Nano-particle\FFNN_hyper_param_tuning\hyper_tuning_2024_03_21_03_39_28,cpu
F:\Codes\joint attention\Nano-particle\FFNN_hyper_param_tuning\hyper_tuning_2024_03_21_03_39_28\2024_03_21_05_20_0472420,train,0.00944951,0.0972086,0.07111962,0.36632556,0.99983643,val,0.01302073,0.11410841,0.08047076,0.42902381,0.9997657,test,0.01376615,0.11732924,0.07898129,0.40189501,0.9997728,time complexity,1643.0859999656675,0.2159996032714843,0.2050001621246338,hyper-parameters,64,0.001,300,x_n,4,"[256, 128, 64, 16]",relu,other-parameters,normalized_35,r_avg_raw,35,1,F:\Codes\joint attention\Nano-particle\output_new_new,F:\Codes\joint attention\Nano-particle\FFNN_hyper_param_tuning\hyper_tuning_2024_03_21_03_39_28,cpu
F:\Codes\joint attention\Nano-particle\FFNN_hyper_param_tuning\hyper_tuning_2024_03_21_03_39_28\2024_03_21_05_21_0595970,train,0.01809107,0.13450304,0.10135185,0.523011,0.99968684,val,0.02499079,0.15808475,0.1152432,0.63297011,0.99955031,test,0.02324758,0.15247156,0.11031573,0.56076024,0.99961631,time complexity,510.6419997215271,0.1180005073547363,0.0939993858337402,hyper-parameters,128,0.001,300,x_n,4,"[256, 128, 64, 16]",relu,other-parameters,normalized_35,r_avg_raw,35,1,F:\Codes\joint attention\Nano-particle\output_new_new,F:\Codes\joint attention\Nano-particle\FFNN_hyper_param_tuning\hyper_tuning_2024_03_21_03_39_28,cpu
F:\Codes\joint attention\Nano-particle\FFNN_hyper_param_tuning\hyper_tuning_2024_03_21_03_39_28\2024_03_21_05_23_0395799,train,0.04880808,0.22092551,0.17516693,0.94176873,0.99915512,val,0.0529477,0.23010367,0.17975403,0.99601849,0.99904726,test,0.0564757,0.23764616,0.18238911,0.95114045,0.99906789,time complexity,310.0490005016327,0.0620002746582031,0.059999942779541,hyper-parameters,256,0.001,300,x_n,4,"[256, 128, 64, 16]",relu,other-parameters,normalized_35,r_avg_raw,35,1,F:\Codes\joint attention\Nano-particle\output_new_new,F:\Codes\joint attention\Nano-particle\FFNN_hyper_param_tuning\hyper_tuning_2024_03_21_03_39_28,cpu
F:\Codes\joint attention\Nano-particle\FFNN_hyper_param_tuning\hyper_tuning_2024_03_21_03_39_28\2024_03_21_05_28_2726698,train,0.06386864,0.25272247,0.17789905,0.96830042,0.99889442,val,0.07390538,0.27185544,0.18766356,1.05114999,0.99867014,test,0.07246982,0.26920217,0.18211719,0.95391869,0.99880392,time complexity,232.55900049209595,0.0559992790222168,0.051999807357788,hyper-parameters,512,0.001,300,x_n,4,"[256, 128, 64, 16]",relu,other-parameters,normalized_35,r_avg_raw,35,1,F:\Codes\joint attention\Nano-particle\output_new_new,F:\Codes\joint attention\Nano-particle\FFNN_hyper_param_tuning\hyper_tuning_2024_03_21_03_39_28,cpu
F:\Codes\joint attention\Nano-particle\FFNN_hyper_param_tuning\hyper_tuning_2024_03_21_03_39_28\2024_03_21_05_29_4966445,train,0.0180866,0.13448645,0.11073682,0.55685926,0.99968692,val,0.02073751,0.14400525,0.11347756,0.5888862,0.99962685,test,0.02187168,0.14789076,0.11911984,0.5871014,0.99963902,time complexity,4353.935000896454,0.1379985809326172,0.1399998664855957,hyper-parameters,1,0.0005,300,x_n,4,"[256, 128, 64, 16]",relu,other-parameters,normalized_35,r_avg_raw,35,1,F:\Codes\joint attention\Nano-particle\output_new_new,F:\Codes\joint attention\Nano-particle\FFNN_hyper_param_tuning\hyper_tuning_2024_03_21_03_39_28,cpu
F:\Codes\joint attention\Nano-particle\FFNN_hyper_param_tuning\hyper_tuning_2024_03_21_03_39_28\2024_03_21_05_32_362493,train,0.01076745,0.10376631,0.07879209,0.39721616,0.99981361,val,0.01552691,0.12460704,0.08842298,0.46974956,0.99972061,test,0.01418278,0.11909147,0.08980927,0.44823062,0.99976592,time complexity,12505.261999130247,0.043001651763916,0.0439984798431396,hyper-parameters,2,0.0005,300,x_n,4,"[256, 128, 64, 16]",relu,other-parameters,normalized_35,r_avg_raw,35,1,F:\Codes\joint attention\Nano-particle\output_new_new,F:\Codes\joint attention\Nano-particle\FFNN_hyper_param_tuning\hyper_tuning_2024_03_21_03_39_28,cpu
F:\Codes\joint attention\Nano-particle\FFNN_hyper_param_tuning\hyper_tuning_2024_03_21_03_39_28\2024_03_21_05_39_5360937,train,0.01220295,0.11046698,0.08489382,0.47352092,0.99978876,val,0.01647713,0.1283633,0.09305719,0.52865875,0.99970351,test,0.0146387,0.12099051,0.08930323,0.48461477,0.99975839,time complexity,10842.867000102997,0.3400001525878906,0.3400001525878906,hyper-parameters,4,0.0005,300,x_n,4,"[256, 128, 64, 16]",relu,other-parameters,normalized_35,r_avg_raw,35,1,F:\Codes\joint attention\Nano-particle\output_new_new,F:\Codes\joint attention\Nano-particle\FFNN_hyper_param_tuning\hyper_tuning_2024_03_21_03_39_28,cpu
F:\Codes\joint attention\Nano-particle\FFNN_hyper_param_tuning\hyper_tuning_2024_03_21_03_39_28\2024_03_21_05_40_1982681,train,0.02024779,0.14229475,0.11922688,0.59135265,0.99964951,val,0.02256233,0.15020761,0.12151615,0.62601924,0.99959401,test,0.02422034,0.15562885,0.12595062,0.60581128,0.99960025,time complexity,5881.865000486374,0.6109998226165771,0.5910005569458008,hyper-parameters,8,0.0005,300,x_n,4,"[256, 128, 64, 16]",relu,other-parameters,normalized_35,r_avg_raw,35,1,F:\Codes\joint attention\Nano-particle\output_new_new,F:\Codes\joint attention\Nano-particle\FFNN_hyper_param_tuning\hyper_tuning_2024_03_21_03_39_28,cpu
F:\Codes\joint attention\Nano-particle\FFNN_hyper_param_tuning\hyper_tuning_2024_03_21_03_39_28\2024_03_21_05_40_4338882,train,0.0160015,0.12649703,0.09784974,0.46319291,0.99972301,val,0.02033533,0.142602,0.10756316,0.53427826,0.99963409,test,0.01976597,0.14059149,0.10655127,0.49576655,0.99967377,time complexity,3149.9699981212616,0.5290002822875977,0.514000415802002,hyper-parameters,16,0.0005,300,x_n,4,"[256, 128, 64, 16]",relu,other-parameters,normalized_35,r_avg_raw,35,1,F:\Codes\joint attention\Nano-particle\output_new_new,F:\Codes\joint attention\Nano-particle\FFNN_hyper_param_tuning\hyper_tuning_2024_03_21_03_39_28,cpu
F:\Codes\joint attention\Nano-particle\FFNN_hyper_param_tuning\hyper_tuning_2024_03_21_03_39_28\2024_03_21_05_47_4120050,train,0.00903281,0.09504109,0.06885709,0.34170036,0.99984364,val,0.01272955,0.11282531,0.07749564,0.40826912,0.99977094,test,0.01386103,0.11773288,0.08065018,0.39682475,0.99977123,time complexity,1632.9500014781952,0.2660000324249267,0.237999677658081,hyper-parameters,32,0.0005,300,x_n,4,"[256, 128, 64, 16]",relu,other-parameters,normalized_35,r_avg_raw,35,1,F:\Codes\joint attention\Nano-particle\output_new_new,F:\Codes\joint attention\Nano-particle\FFNN_hyper_param_tuning\hyper_tuning_2024_03_21_03_39_28,cpu
F:\Codes\joint attention\Nano-particle\FFNN_hyper_param_tuning\hyper_tuning_2024_03_21_03_39_28\2024_03_21_05_48_1618561,train,0.0094135,0.0970232,0.06956346,0.35979393,0.99983705,val,0.01281545,0.11320534,0.07581174,0.4076084,0.9997694,test,0.0136138,0.11667819,0.07600154,0.39289147,0.99977531,time complexity,788.1330001354218,0.1230001449584961,0.1229994297027587,hyper-parameters,64,0.0005,300,x_n,4,"[256, 128, 64, 16]",relu,other-parameters,normalized_35,r_avg_raw,35,1,F:\Codes\joint attention\Nano-particle\output_new_new,F:\Codes\joint attention\Nano-particle\FFNN_hyper_param_tuning\hyper_tuning_2024_03_21_03_39_28,cpu
F:\Codes\joint attention\Nano-particle\FFNN_hyper_param_tuning\hyper_tuning_2024_03_21_03_39_28\2024_03_21_05_53_2885338,train,0.01651129,0.12849627,0.09029131,0.46907663,0.99971419,val,0.02118292,0.14554352,0.10055504,0.54140481,0.99961883,test,0.02383278,0.1543787,0.09814613,0.49798691,0.99960665,time complexity,447.1780009269714,0.0849995613098144,0.0859997272491455,hyper-parameters,128,0.0005,300,x_n,4,"[256, 128, 64, 16]",relu,other-parameters,normalized_35,r_avg_raw,35,1,F:\Codes\joint attention\Nano-particle\output_new_new,F:\Codes\joint attention\Nano-particle\FFNN_hyper_param_tuning\hyper_tuning_2024_03_21_03_39_28,cpu
F:\Codes\joint attention\Nano-particle\FFNN_hyper_param_tuning\hyper_tuning_2024_03_21_03_39_28\2024_03_21_06_01_0991901,train,0.03165068,0.17790639,0.13378158,0.6972812,0.99945212,val,0.03593123,0.18955533,0.13915287,0.75421706,0.99935345,test,0.03828876,0.19567515,0.13728946,0.70683817,0.99936806,time complexity,334.9379982948303,0.068000316619873,0.0629987716674804,hyper-parameters,256,0.0005,300,x_n,4,"[256, 128, 64, 16]",relu,other-parameters,normalized_35,r_avg_raw,35,1,F:\Codes\joint attention\Nano-particle\output_new_new,F:\Codes\joint attention\Nano-particle\FFNN_hyper_param_tuning\hyper_tuning_2024_03_21_03_39_28,cpu
F:\Codes\joint attention\Nano-particle\FFNN_hyper_param_tuning\hyper_tuning_2024_03_21_03_39_28\2024_03_21_06_01_3963063,train,0.06681541,0.25848675,0.1834406,0.97516982,0.99884341,val,0.06867266,0.26205468,0.18285289,1.01245998,0.9987643,test,0.07251842,0.26929244,0.1861961,0.9627657,0.99880311,time complexity,216.28699946403503,0.054999828338623,0.0560002326965332,hyper-parameters,512,0.0005,300,x_n,4,"[256, 128, 64, 16]",relu,other-parameters,normalized_35,r_avg_raw,35,1,F:\Codes\joint attention\Nano-particle\output_new_new,F:\Codes\joint attention\Nano-particle\FFNN_hyper_param_tuning\hyper_tuning_2024_03_21_03_39_28,cpu
F:\Codes\joint attention\Nano-particle\FFNN_hyper_param_tuning\hyper_tuning_2024_03_21_03_39_28\2024_03_21_06_04_3787999,train,0.02055309,0.14336348,0.12676643,0.7397021,0.99964422,val,0.0242687,0.15578413,0.1327939,0.78761342,0.99956331,test,0.02356798,0.15351866,0.12871091,0.72585901,0.99961102,time complexity,3966.217000007629,0.1429994106292724,0.1299998760223388,hyper-parameters,1,0.0001,300,x_n,4,"[256, 128, 64, 16]",relu,other-parameters,normalized_35,r_avg_raw,35,1,F:\Codes\joint attention\Nano-particle\output_new_new,F:\Codes\joint attention\Nano-particle\FFNN_hyper_param_tuning\hyper_tuning_2024_03_21_03_39_28,cpu
F:\Codes\joint attention\Nano-particle\FFNN_hyper_param_tuning\hyper_tuning_2024_03_21_03_39_28\2024_03_21_06_05_3161718,train,0.00692559,0.08322012,0.06088686,0.31039274,0.99988012,val,0.01152965,0.1073762,0.07318194,0.38207647,0.99979254,test,0.01083162,0.10407505,0.07303455,0.35800675,0.99982123,time complexity,10531.030999660492,0.0490002632141113,0.0470016002655029,hyper-parameters,2,0.0001,300,x_n,4,"[256, 128, 64, 16]",relu,other-parameters,normalized_35,r_avg_raw,35,1,F:\Codes\joint attention\Nano-particle\output_new_new,F:\Codes\joint attention\Nano-particle\FFNN_hyper_param_tuning\hyper_tuning_2024_03_21_03_39_28,cpu
F:\Codes\joint attention\Nano-particle\FFNN_hyper_param_tuning\hyper_tuning_2024_03_21_03_39_28\2024_03_21_06_06_2279940,train,0.01123934,0.10601577,0.0856021,0.47483835,0.99980545,val,0.01341177,0.11580919,0.08789474,0.50191608,0.99975867,test,0.01439762,0.1199901,0.09006525,0.48846043,0.99976237,time complexity,7696.229999780655,0.3459994792938232,0.3430001735687256,hyper-parameters,4,0.0001,300,x_n,4,"[256, 128, 64, 16]",relu,other-parameters,normalized_35,r_avg_raw,35,1,F:\Codes\joint attention\Nano-particle\output_new_new,F:\Codes\joint attention\Nano-particle\FFNN_hyper_param_tuning\hyper_tuning_2024_03_21_03_39_28,cpu
F:\Codes\joint attention\Nano-particle\FFNN_hyper_param_tuning\hyper_tuning_2024_03_21_03_39_28\2024_03_21_06_06_5689765,train,0.01056343,0.10277855,0.07501128,0.39145129,0.99981715,val,0.01488365,0.12199858,0.08629819,0.46425111,0.99973218,test,0.01451834,0.12049209,0.08051331,0.4159803,0.99976038,time complexity,5669.421999454498,0.413001537322998,0.424999475479126,hyper-parameters,8,0.0001,300,x_n,4,"[256, 128, 64, 16]",relu,other-parameters,normalized_35,r_avg_raw,35,1,F:\Codes\joint attention\Nano-particle\output_new_new,F:\Codes\joint attention\Nano-particle\FFNN_hyper_param_tuning\hyper_tuning_2024_03_21_03_39_28,cpu
F:\Codes\joint attention\Nano-particle\FFNN_hyper_param_tuning\hyper_tuning_2024_03_21_03_39_28\2024_03_21_06_13_0581931,train,0.00914312,0.09561966,0.06815232,0.36077974,0.99984173,val,0.01278815,0.11308472,0.07644927,0.42996526,0.99976989,test,0.01373302,0.11718798,0.07479402,0.39131307,0.99977334,time complexity,3011.6689999103546,0.3789994716644287,0.3610007762908935,hyper-parameters,16,0.0001,300,x_n,4,"[256, 128, 64, 16]",relu,other-parameters,normalized_35,r_avg_raw,35,1,F:\Codes\joint attention\Nano-particle\output_new_new,F:\Codes\joint attention\Nano-particle\FFNN_hyper_param_tuning\hyper_tuning_2024_03_21_03_39_28,cpu
F:\Codes\joint attention\Nano-particle\FFNN_hyper_param_tuning\hyper_tuning_2024_03_21_03_39_28\2024_03_21_06_14_1983412,train,0.01489549,0.12204707,0.08792358,0.4641054,0.99974216,val,0.01880119,0.13711743,0.09422722,0.52469573,0.99966169,test,0.02179511,0.14763166,0.09562016,0.49763502,0.99964028,time complexity,2885.7039997577667,0.5399987697601318,0.5299992561340332,hyper-parameters,32,0.0001,300,x_n,4,"[256, 128, 64, 16]",relu,other-parameters,normalized_35,r_avg_raw,35,1,F:\Codes\joint attention\Nano-particle\output_new_new,F:\Codes\joint attention\Nano-particle\FFNN_hyper_param_tuning\hyper_tuning_2024_03_21_03_39_28,cpu
F:\Codes\joint attention\Nano-particle\FFNN_hyper_param_tuning\hyper_tuning_2024_03_21_03_39_28\2024_03_21_06_15_0872255,train,0.0243209,0.1559516,0.10826235,0.5731585,0.999579,val,0.0286105,0.16914637,0.111891,0.62485144,0.99948518,test,0.03386689,0.18402958,0.11663346,0.61735204,0.99944104,time complexity,863.1190006732941,0.1239995956420898,0.1180000305175781,hyper-parameters,64,0.0001,300,x_n,4,"[256, 128, 64, 16]",relu,other-parameters,normalized_35,r_avg_raw,35,1,F:\Codes\joint attention\Nano-particle\output_new_new,F:\Codes\joint attention\Nano-particle\FFNN_hyper_param_tuning\hyper_tuning_2024_03_21_03_39_28,cpu
F:\Codes\joint attention\Nano-particle\FFNN_hyper_param_tuning\hyper_tuning_2024_03_21_03_39_28\2024_03_21_06_27_3075119,train,0.05121014,0.22629657,0.17019609,0.94903083,0.99911354,val,0.05564418,0.23589018,0.17587642,1.01666371,0.99899874,test,0.06024684,0.24545233,0.17171654,0.92434356,0.99900565,time complexity,468.871999502182,0.0940020084381103,0.1099982261657714,hyper-parameters,128,0.0001,300,x_n,4,"[256, 128, 64, 16]",relu,other-parameters,normalized_35,r_avg_raw,35,1,F:\Codes\joint attention\Nano-particle\output_new_new,F:\Codes\joint attention\Nano-particle\FFNN_hyper_param_tuning\hyper_tuning_2024_03_21_03_39_28,cpu
F:\Codes\joint attention\Nano-particle\FFNN_hyper_param_tuning\hyper_tuning_2024_03_21_03_39_28\2024_03_21_06_29_4533341,train,0.08150195,0.28548545,0.2036366,1.10682639,0.99858919,val,0.08734835,0.29554754,0.20651504,1.17050049,0.99842825,test,0.09379332,0.30625695,0.20789662,1.09227136,0.99845198,time complexity,301.9480001926422,0.0690000057220459,0.0669999122619628,hyper-parameters,256,0.0001,300,x_n,4,"[256, 128, 64, 16]",relu,other-parameters,normalized_35,r_avg_raw,35,1,F:\Codes\joint attention\Nano-particle\output_new_new,F:\Codes\joint attention\Nano-particle\FFNN_hyper_param_tuning\hyper_tuning_2024_03_21_03_39_28,cpu
F:\Codes\joint attention\Nano-particle\FFNN_hyper_param_tuning\hyper_tuning_2024_03_21_03_39_28\2024_03_21_06_33_3184344,train,0.01161104,0.10775454,0.08468585,0.42294573,0.99979901,val,0.01362845,0.11674094,0.0868279,0.44939788,0.99975477,test,0.01614306,0.12705533,0.09399065,0.46044592,0.99973357,time complexity,3773.346002101898,0.1279997825622558,0.131000280380249,hyper-parameters,1,5e-05,300,x_n,4,"[256, 128, 64, 16]",relu,other-parameters,normalized_35,r_avg_raw,35,1,F:\Codes\joint attention\Nano-particle\output_new_new,F:\Codes\joint attention\Nano-particle\FFNN_hyper_param_tuning\hyper_tuning_2024_03_21_03_39_28,cpu
F:\Codes\joint attention\Nano-particle\FFNN_hyper_param_tuning\hyper_tuning_2024_03_21_03_39_28\2024_03_21_06_33_3441536,train,0.17050403,0.41292134,0.3101348,1.65125683,0.99704855,val,0.15464778,0.39325282,0.29751801,1.66765424,0.99721726,test,0.17929654,0.42343423,0.31541127,1.62256932,0.99704078,time complexity,375.75999999046326,0.0759997367858886,0.0760002136230468,hyper-parameters,512,0.0001,300,x_n,4,"[256, 128, 64, 16]",relu,other-parameters,normalized_35,r_avg_raw,35,1,F:\Codes\joint attention\Nano-particle\output_new_new,F:\Codes\joint attention\Nano-particle\FFNN_hyper_param_tuning\hyper_tuning_2024_03_21_03_39_28,cpu
F:\Codes\joint attention\Nano-particle\FFNN_hyper_param_tuning\hyper_tuning_2024_03_21_03_39_28\2024_03_21_06_34_5993925,train,0.00955174,0.09773302,0.07411543,0.37511022,0.99983466,val,0.0128564,0.11338606,0.08254201,0.43322458,0.99976866,test,0.01266297,0.11252986,0.07906643,0.3890523,0.999791,time complexity,8070.668998241425,0.2980005741119385,0.3110003471374511,hyper-parameters,2,5e-05,300,x_n,4,"[256, 128, 64, 16]",relu,other-parameters,normalized_35,r_avg_raw,35,1,F:\Codes\joint attention\Nano-particle\output_new_new,F:\Codes\joint attention\Nano-particle\FFNN_hyper_param_tuning\hyper_tuning_2024_03_21_03_39_28,cpu
F:\Codes\joint attention\Nano-particle\FFNN_hyper_param_tuning\hyper_tuning_2024_03_21_03_39_28\2024_03_21_06_35_3212792,train,0.01102829,0.10501569,0.07835919,0.41242059,0.9998091,val,0.01419341,0.11913609,0.08828741,0.48562225,0.9997446,test,0.01698202,0.13031508,0.08818657,0.4523205,0.99971972,time complexity,6305.985999345779,0.3179998397827148,0.3120002746582031,hyper-parameters,4,5e-05,300,x_n,4,"[256, 128, 64, 16]",relu,other-parameters,normalized_35,r_avg_raw,35,1,F:\Codes\joint attention\Nano-particle\output_new_new,F:\Codes\joint attention\Nano-particle\FFNN_hyper_param_tuning\hyper_tuning_2024_03_21_03_39_28,cpu
F:\Codes\joint attention\Nano-particle\FFNN_hyper_param_tuning\hyper_tuning_2024_03_21_03_39_28\2024_03_21_06_40_0266165,train,0.01356654,0.11647549,0.08680464,0.45022839,0.99976516,val,0.01680744,0.1296435,0.09374323,0.50372141,0.99969757,test,0.0186703,0.1366393,0.09337562,0.47353038,0.99969185,time complexity,4579.146000385284,0.3499987125396728,0.3689992427825928,hyper-parameters,8,5e-05,300,x_n,4,"[256, 128, 64, 16]",relu,other-parameters,normalized_35,r_avg_raw,35,1,F:\Codes\joint attention\Nano-particle\output_new_new,F:\Codes\joint attention\Nano-particle\FFNN_hyper_param_tuning\hyper_tuning_2024_03_21_03_39_28,cpu
F:\Codes\joint attention\Nano-particle\FFNN_hyper_param_tuning\hyper_tuning_2024_03_21_03_39_28\2024_03_21_06_42_3852720,train,0.01602256,0.12658025,0.09258652,0.47650659,0.99972265,val,0.01912619,0.13829747,0.09728383,0.5252829,0.99965584,test,0.02370393,0.15396079,0.10214718,0.51255168,0.99960878,time complexity,2675.6659977436066,0.3430004119873047,0.3470001220703125,hyper-parameters,16,5e-05,300,x_n,4,"[256, 128, 64, 16]",relu,other-parameters,normalized_35,r_avg_raw,35,1,F:\Codes\joint attention\Nano-particle\output_new_new,F:\Codes\joint attention\Nano-particle\FFNN_hyper_param_tuning\hyper_tuning_2024_03_21_03_39_28,cpu
F:\Codes\joint attention\Nano-particle\FFNN_hyper_param_tuning\hyper_tuning_2024_03_21_03_39_28\2024_03_21_07_02_4018582,train,0.02422805,0.15565361,0.10973974,0.57109118,0.99958061,val,0.02757411,0.16605455,0.11181845,0.61272784,0.99950383,test,0.03630601,0.19054136,0.12068796,0.61365486,0.99940078,time complexity,1371.4120001792908,0.1989984512329101,0.1979994773864746,hyper-parameters,32,5e-05,300,x_n,4,"[256, 128, 64, 16]",relu,other-parameters,normalized_35,r_avg_raw,35,1,F:\Codes\joint attention\Nano-particle\output_new_new,F:\Codes\joint attention\Nano-particle\FFNN_hyper_param_tuning\hyper_tuning_2024_03_21_03_39_28,cpu
F:\Codes\joint attention\Nano-particle\FFNN_hyper_param_tuning\hyper_tuning_2024_03_21_03_39_28\2024_03_21_07_03_3367732,train,0.04037765,0.20094191,0.14132866,0.76050388,0.99930106,val,0.04891142,0.22115926,0.15060361,0.84676057,0.99911989,test,0.05261422,0.2293779,0.14828722,0.77643523,0.99913162,time complexity,697.7010006904602,0.1009998321533203,0.0969996452331543,hyper-parameters,64,5e-05,300,x_n,4,"[256, 128, 64, 16]",relu,other-parameters,normalized_35,r_avg_raw,35,1,F:\Codes\joint attention\Nano-particle\output_new_new,F:\Codes\joint attention\Nano-particle\FFNN_hyper_param_tuning\hyper_tuning_2024_03_21_03_39_28,cpu
F:\Codes\joint attention\Nano-particle\FFNN_hyper_param_tuning\hyper_tuning_2024_03_21_03_39_28\2024_03_21_07_10_5861975,train,0.07407361,0.27216467,0.1972865,1.08241807,0.99871777,val,0.07904394,0.28114754,0.20117287,1.14485609,0.99857768,test,0.09151604,0.30251619,0.20537493,1.07221877,0.99848957,time complexity,364.4490003585816,0.0740020275115966,0.0669996738433837,hyper-parameters,128,5e-05,300,x_n,4,"[256, 128, 64, 16]",relu,other-parameters,normalized_35,r_avg_raw,35,1,F:\Codes\joint attention\Nano-particle\output_new_new,F:\Codes\joint attention\Nano-particle\FFNN_hyper_param_tuning\hyper_tuning_2024_03_21_03_39_28,cpu
F:\Codes\joint attention\Nano-particle\FFNN_hyper_param_tuning\hyper_tuning_2024_03_21_03_39_28\2024_03_21_07_15_2338125,train,0.15977924,0.39972395,0.2986272,1.59026273,0.99723419,val,0.14499837,0.38078651,0.28552112,1.60709006,0.99739089,test,0.17882885,0.4228816,0.31054294,1.5816843,0.9970485,time complexity,258.91599917411804,0.0589997768402099,0.0650000572204589,hyper-parameters,256,5e-05,300,x_n,4,"[256, 128, 64, 16]",relu,other-parameters,normalized_35,r_avg_raw,35,1,F:\Codes\joint attention\Nano-particle\output_new_new,F:\Codes\joint attention\Nano-particle\FFNN_hyper_param_tuning\hyper_tuning_2024_03_21_03_39_28,cpu
F:\Codes\joint attention\Nano-particle\FFNN_hyper_param_tuning\hyper_tuning_2024_03_21_03_39_28\2024_03_21_07_17_1712364,train,0.69925171,0.83621269,0.66009456,3.55666459,0.98789583,val,0.625763,0.79105181,0.6336593,3.48693703,0.98873999,test,0.7098,0.84249628,0.66150588,3.42545774,0.98828504,time complexity,321.047000169754,0.0659995079040527,0.069000244140625,hyper-parameters,512,5e-05,300,x_n,4,"[256, 128, 64, 16]",relu,other-parameters,normalized_35,r_avg_raw,35,1,F:\Codes\joint attention\Nano-particle\output_new_new,F:\Codes\joint attention\Nano-particle\FFNN_hyper_param_tuning\hyper_tuning_2024_03_21_03_39_28,cpu
F:\Codes\joint attention\Nano-particle\FFNN_hyper_param_tuning\hyper_tuning_2024_03_21_03_39_28\2024_03_21_07_18_4238922,train,0.01313042,0.11458805,0.0814633,0.42232142,0.99977271,val,0.01558544,0.12484167,0.08545677,0.46231526,0.99971955,test,0.01949193,0.13961351,0.08782612,0.44232025,0.99967829,time complexity,3160.8180000782013,0.1159994602203369,0.1180000305175781,hyper-parameters,1,1e-05,300,x_n,4,"[256, 128, 64, 16]",relu,other-parameters,normalized_35,r_avg_raw,35,1,F:\Codes\joint attention\Nano-particle\output_new_new,F:\Codes\joint attention\Nano-particle\FFNN_hyper_param_tuning\hyper_tuning_2024_03_21_03_39_28,cpu
F:\Codes\joint attention\Nano-particle\FFNN_hyper_param_tuning\hyper_tuning_2024_03_21_03_39_28\2024_03_21_07_19_5333545,train,0.02331649,0.15269737,0.11311717,0.6000263,0.99959639,val,0.02758937,0.16610049,0.11978201,0.66636012,0.99950356,test,0.03201357,0.17892337,0.11776056,0.60926246,0.99947163,time complexity,5610.806998729706,0.1170001029968261,0.1010005474090576,hyper-parameters,2,1e-05,300,x_n,4,"[256, 128, 64, 16]",relu,other-parameters,normalized_35,r_avg_raw,35,1,F:\Codes\joint attention\Nano-particle\output_new_new,F:\Codes\joint attention\Nano-particle\FFNN_hyper_param_tuning\hyper_tuning_2024_03_21_03_39_28,cpu
F:\Codes\joint attention\Nano-particle\FFNN_hyper_param_tuning\hyper_tuning_2024_03_21_03_39_28\2024_03_21_07_22_5258916,train,0.02485121,0.15764265,0.10989786,0.57645756,0.99956982,val,0.02977646,0.17255858,0.11792198,0.64506292,0.9994642,test,0.03495854,0.18697202,0.11682027,0.59225726,0.99942302,time complexity,5241.680998086929,0.1800003051757812,0.2260003089904785,hyper-parameters,4,1e-05,300,x_n,4,"[256, 128, 64, 16]",relu,other-parameters,normalized_35,r_avg_raw,35,1,F:\Codes\joint attention\Nano-particle\output_new_new,F:\Codes\joint attention\Nano-particle\FFNN_hyper_param_tuning\hyper_tuning_2024_03_21_03_39_28,cpu
F:\Codes\joint attention\Nano-particle\FFNN_hyper_param_tuning\hyper_tuning_2024_03_21_03_39_28\2024_03_21_07_25_4492363,train,0.0303406,0.17418551,0.1212115,0.63982611,0.9994748,val,0.03558337,0.18863554,0.12666979,0.69004192,0.99935971,test,0.04093753,0.20233025,0.12785383,0.65439003,0.99932434,time complexity,2915.2000002861023,0.1980006694793701,0.1939997673034668,hyper-parameters,8,1e-05,300,x_n,4,"[256, 128, 64, 16]",relu,other-parameters,normalized_35,r_avg_raw,35,1,F:\Codes\joint attention\Nano-particle\output_new_new,F:\Codes\joint attention\Nano-particle\FFNN_hyper_param_tuning\hyper_tuning_2024_03_21_03_39_28,cpu
F:\Codes\joint attention\Nano-particle\FFNN_hyper_param_tuning\hyper_tuning_2024_03_21_03_39_28\2024_03_21_07_26_543080,train,0.04846277,0.22014262,0.15510367,0.84405247,0.9991611,val,0.05603969,0.23672703,0.16103096,0.90295002,0.99899162,test,0.05831973,0.24149479,0.15621731,0.81413311,0.99903746,time complexity,1863.2009999752045,0.1749994754791259,0.1760001182556152,hyper-parameters,16,1e-05,300,x_n,4,"[256, 128, 64, 16]",relu,other-parameters,normalized_35,r_avg_raw,35,1,F:\Codes\joint attention\Nano-particle\output_new_new,F:\Codes\joint attention\Nano-particle\FFNN_hyper_param_tuning\hyper_tuning_2024_03_21_03_39_28,cpu
F:\Codes\joint attention\Nano-particle\FFNN_hyper_param_tuning\hyper_tuning_2024_03_21_03_39_28\2024_03_21_07_27_0268968,train,0.07240537,0.26908246,0.19318618,1.05934401,0.99874665,val,0.07864809,0.28044266,0.19700322,1.1180012,0.9985848,test,0.08191493,0.28620785,0.19536187,1.01105063,0.99864803,time complexity,1790.582000732422,0.188000202178955,0.1889998912811279,hyper-parameters,32,1e-05,300,x_n,4,"[256, 128, 64, 16]",relu,other-parameters,normalized_35,r_avg_raw,35,1,F:\Codes\joint attention\Nano-particle\output_new_new,F:\Codes\joint attention\Nano-particle\FFNN_hyper_param_tuning\hyper_tuning_2024_03_21_03_39_28,cpu
F:\Codes\joint attention\Nano-particle\FFNN_hyper_param_tuning\hyper_tuning_2024_03_21_03_39_28\2024_03_21_07_27_2825559,train,0.14619051,0.38234869,0.28384453,1.51497267,0.99746942,val,0.13451758,0.36676639,0.27074176,1.51685752,0.99757949,test,0.16016327,0.40020403,0.29489812,1.49253089,0.99735657,time complexity,727.6370000839233,0.0780012607574462,0.0799999237060546,hyper-parameters,64,1e-05,300,x_n,4,"[256, 128, 64, 16]",relu,other-parameters,normalized_35,r_avg_raw,35,1,F:\Codes\joint attention\Nano-particle\output_new_new,F:\Codes\joint attention\Nano-particle\FFNN_hyper_param_tuning\hyper_tuning_2024_03_21_03_39_28,cpu
F:\Codes\joint attention\Nano-particle\FFNN_hyper_param_tuning\hyper_tuning_2024_03_21_03_39_28\2024_03_21_07_27_5325118,train,1.86261082,1.36477506,1.09482229,6.35736519,0.96775789,val,1.79607332,1.34017658,1.05688643,6.26044087,0.96768138,test,1.84952533,1.3599726,1.08597493,6.08270638,0.96947435,time complexity,423.07499837875366,0.1139998435974121,0.1229996681213378,hyper-parameters,128,1e-05,300,x_n,4,"[256, 128, 64, 16]",relu,other-parameters,normalized_35,r_avg_raw,35,1,F:\Codes\joint attention\Nano-particle\output_new_new,F:\Codes\joint attention\Nano-particle\FFNN_hyper_param_tuning\hyper_tuning_2024_03_21_03_39_28,cpu
F:\Codes\joint attention\Nano-particle\FFNN_hyper_param_tuning\hyper_tuning_2024_03_21_03_39_28\2024_03_21_07_34_4091649,train,33.00839233,5.74529314,4.78956032,26.27556242,0.42861915,val,32.36791611,5.68928099,4.7968092,27.08664798,0.41757037,test,34.56633759,5.87931442,4.89782143,25.44992231,0.42949687,time complexity,257.81500005722046,0.0409998893737793,0.0410001277923584,hyper-parameters,256,1e-05,300,x_n,4,"[256, 128, 64, 16]",relu,other-parameters,normalized_35,r_avg_raw,35,1,F:\Codes\joint attention\Nano-particle\output_new_new,F:\Codes\joint attention\Nano-particle\FFNN_hyper_param_tuning\hyper_tuning_2024_03_21_03_39_28,cpu
F:\Codes\joint attention\Nano-particle\FFNN_hyper_param_tuning\hyper_tuning_2024_03_21_03_39_28\2024_03_21_07_35_0837760,train,87.60311127,9.35965347,6.93607807,28.50181159,-0.51642473,val,80.58274078,8.97678947,6.52584362,27.25606454,-0.45000924,test,99.72296906,9.9861393,7.56901836,30.10279532,-0.64588646,time complexity,185.03700137138367,0.0360002517700195,0.0310001373291015,hyper-parameters,512,1e-05,300,x_n,4,"[256, 128, 64, 16]",relu,other-parameters,normalized_35,r_avg_raw,35,1,F:\Codes\joint attention\Nano-particle\output_new_new,F:\Codes\joint attention\Nano-particle\FFNN_hyper_param_tuning\hyper_tuning_2024_03_21_03_39_28,cpu
